anexo_original;enlace;tema
1;https://www.paginasiete.bo/nacional/2021/8/30/con-su-nuevo-estatuto-el-mas-se-garantiza-el-ingreso-de-al-menos-bs-21-millones-al-ano-306541.html;campaña Evo: Fraude-golpe 
;https://eldeber.com.bo/pais/arce-cito-la-palabra-golpe-unas-50-veces-su-discurso-no-fue-nada-conciliador_242123;
;https://www.paginasiete.bo/nacional/2021/8/25/el-mas-condiciona-la-reconciliacion-la-admision-de-que-hubo-golpe-en-2019-306044.html;
;https://www.paginasiete.bo/seguridad/2021/7/20/gobierno-acusa-cuatro-paises-la-ue-por-supuesto-golpe-301516.html;
;https://www.paginasiete.bo/nacional/2021/7/19/evo-el-embajador-de-brasil-participo-del-golpe-el-embajador-de-la-ue-tambien-301440.html;
;https://www.paginasiete.bo/nacional/2021/6/18/mesa-se-acoge-al-silencio-el-mas-lo-amenaza-con-acusarlo-298538.html;
;https://www.paginasiete.bo/nacional/2021/8/15/mas-gasto-bs-397-millones-para-forzar-la-reeleccion-de-morales-303979.html;
;https://www.paginasiete.bo/nacional/2021/6/23/aristocracia-masista-evito-que-copa-sea-presidenta-denuncia-exsenador-299044.html;
;https://eldeber.com.bo/el-deber/a-evo-morales-le-plantearon-cuatro-opciones-y-el-eligio-la-de-jeanine-anez_236263;
;https://www.paginasiete.bo/nacional/2021/6/24/masistas-que-negociaron-en-la-catolica-son-responsables-de-senkata-sacaba-dice-exsenador-del-mas-299154.html;
;https://www.paginasiete.bo/nacional/2021/5/10/evo-arremete-contra-charanzova-que-pide-una-justicia-imparcial-294541.html;
;https://www.paginasiete.bo/nacional/2021/4/30/yucra-acusado-de-cercar-ciudades-pide-renuncia-del-ministro-lima-293601.html;
;https://www.paginasiete.bo/nacional/2021/8/25/hrw-tilda-de-disparate-acusacion-anez-mas-busca-neutralizar-apoyos-su-favor-306045.html;
;https://www.paginasiete.bo/nacional/2021/8/25/acorralan-anez-con-denuncias-surgen-grupos-para-hostigarla-306046.html;
;https://eldeber.com.bo/pais/evo-dice-que-negocio-desde-argentina-con-magistrados-y-vocales-la-sigla-las-elecciones-y-la-sucesion_236954;
;https://www.corteidh.or.cr/docs/opiniones/seriea_28_esp.pdf;CIDH y GIEI
;https://cancilleria.gob.bo/webmre/system/files/pdf_banner/2021-GIEI-Bolivia-informe-final.pdf;
;https://www.paginasiete.bo/nacional/2021/8/13/corte-idh-los-10-danos-que-la-reeleccion-indefinida-causa-la-democracia-video-303896.html;
;https://www.paginasiete.bo/nacional/2021/6/30/evo-sobre-corte-idh-esa-opinion-consulti-va-no-es-vinculante-ni-retroactiva-299700.html;
;https://eldeber.com.bo/pais/evo-dice-que-es-hora-de-cerrar-la-oea-y-se-estrella-contra-la-corte-idh_242965;
;https://eldeber.com.bo/pais/la-corte-idh-publico-el-fallo-la-reeleccion-indefinida-no-es-un-derecho-humano_243059;
;https://www.paginasiete.bo/nacional/2021/8/10/la-oea-ve-intento-de-validar-la-vergenza-hemisferica-de-2019-303539.html;
;https://www.paginasiete.bo/nacional/2021/8/14/evo-queda-solo-en-su-defensa-de-la-reeleccion-indefinida-303919.html;
;https://www.paginasiete.bo/nacional/2021/8/19/el-informe-del-giei-es-el-quinto-reves-la-retorica-del-golpe-de-estado-304396.html;
;https://eldeber.com.bo/edicion-impresa/evo-dice-que-el-giei-genera-tension-y-el-mas-demora-la-reforma-judicial_244501;
;https://www.paginasiete.bo/nacional/2021/8/19/giei-quema-de-pumas-casas-de-albarracin-lema-fue-planificada-304395.html;
;https://www.paginasiete.bo/nacional/2021/8/27/giei-sugiere-reabrir-10-casos-la-mayoria-implica-afines-al-mas-306272.html;
;https://eldeber.com.bo/edicion-impresa/el-informe-del-giei-dice-que-la-justicia-en-bolivia-no-es-independiente-y-abusa-del-encarcelamiento_243586;
;https://eldeber.com.bo/edicion-impresa/hay-responsables-en-gobiernos-de-evo-y-anez-el-giei-demanda-reconocer-a-todas-las-victimas_243601;
;https://eldeber.com.bo/pais/solo-en-el-mes-de-julio-la-onu-emitio-tres-senales-de-preocupacion-por-la-democracia-y-los-ddhh-de-b_240399;
;https://eldeber.com.bo/opinion/4-mensajes-profundos-del-informe-giei_244190;
;https://eldeber.com.bo/edicion-impresa/gobierno-emite-senales-para-acatar-el-informe_244196;
;https://eldeber.com.bo/pais/almagro-recuerda-que-arce-y-richter-reconocieron-el-mandato-de-anez-antes-que-la-oea_244435;
;https://www.paginasiete.bo/economia/2021/8/19/aprueban-pge-reformulado-que-incluye-credito-de-bs-15000-mm-304404.html;economía y política económica 
;https://eldeber.com.bo/economia/aprueban-fideicomiso-bs-2000-millones-para-reactivar-las-obras-de-gobiernos-subnacionales_244750;
;https://www.la-razon.com/economia/2021/06/28/arce-preve-que-hasta-en-ano-y-medio-bolivia-volvera-a-ser-una-economia-ejemplo-de-la-region/;
;https://eldeber.com.bo/edicion-impresa/el-gobierno-fija-el-censo-para-2022-sorprende-al-mas-y-regiones-anuncian-control_240111;
;https://eldeber.com.bo/economia/ypfb-desplazo-a-bolivianos-de-la-planta-de-urea-y-duplico-contratacion-de-extranjeros_245009;
;https://www.lostiempos.com/actualidad/economia/20210504/gobierno-admite-elevada-deuda-publica-este-ano-pagara-us-3714-mm;
;https://www.paginasiete.bo/economia/2021/8/25/el-pais-recibe-del-fmi-us-3264-mm-monto-similar-al-que-devolvio-306054.html;
;https://elpais.com/mexico/2021-06-25/la-crisis-expulsa-a-millones-de-personas-de-la-clase-media-latinoamericana.html;
;https://www.paginasiete.bo/economia/2021/5/28/bolivia-pago-casi-us-1000-mm-por-laudos-hay-seis-casos-en-curso-296409.html;
;https://eldeber.com.bo/economia/divisas-de-reservas-internacionales-no-llegan-a-los-us- 2000-millones_232522;
;	https://eldeber.com.bo/economia/bolivia-importa-un-promedio-de-us-110-millones-al- mes-en-combustibles-y-lubricantes_242761;
;	https://www.paginasiete.bo/economia/2021/5/8/ypfb-apuesta-por-campos-maduros- importacion-de-crudo-294411.html;
;	https://www.paginasiete.bo/economia/2021/7/5/produccion-de-gas-liquidos-la-baja- advierten-menor-provision-interna-300103.html;
;	https://www.paginasiete.bo/economia/2021/7/30/ypfb-presenta-un-millonario-plan-de- reactivacion-con-17-zonas-explorar-302528.html;
;	https://www.paginasiete.bo/economia/2021/6/26/poco-de-firmar-la-6ta-adenda-bolivia- no-puede-enviar-mas-gas-299292.html;
;	https://eldeber.com.bo/opinion/la-verdad-en-la-palestra-las-cifras-rojas-del-gobierno-de- facto_231597;
;	https://www.paginasiete.bo/economia/2021/8/10/estatales-hay-que-cerrar-las-que-tienen- muerte-cerebral-303526.html;
;	https://www.paginasiete.bo/economia/2021/5/24/chapare-cinco-empresas-obras-estatales- que-costaron-bs-7173-mm-no-se-usan-295958.html;
;	https://www.paginasiete.bo/ideas/2021/5/16/los-ingresos-del-estado-por-explotacion-de- oro-295087.html;
;	https://www.paginasiete.bo/economia/2021/5/17/bolivia-contrato-empresas-chinas-por- cerca-de-6000-millones-de-dolares-295226.html;
;	https://www.paginasiete.bo/economia/2021/5/18/22-empresas-estatales-en-2020-tuvieron- menores-ingresos-295363.html;
;	https://www.paginasiete.bo/economia/2021/6/1/pese-pandemia-la-produccion-de-oro- llego-232-tmf-en-2020-296789.html;
;	https://www.paginasiete.bo/economia/2021/6/27/china-apura-decisiones-para-explotar- litio-en-los-salares-de-uyuni-pastos-grandes-llipi-299411.html;
;	https://www.paginasiete.bo/economia/2021/6/11/exportacion-de-alimentos-crece-en-49- pese-al-contrabando-297813.html;
;	https://www.paginasiete.bo/economia/2021/5/27/tierra-advierte-sobre-expansion-de-los- cultivos-del-agronegocio-296290.html;
;https://www.paginasiete.bo/economia/2021/5/6/transportistas-bloquean-ingreso-el-centro-por-reactivacion-del-tren-arica-la-paz-294143.html;coRpoRativiSmo 
;https://www.paginasiete.bo/nacional/2021/6/28/suman-ocho-las-ocasiones-en-que-arce-entrego-bienes-sectores-afines-al-mas-299439.html;
;https://www.paginasiete.bo/nacional/2021/7/5/gobierno-dio-la-csutcb-desde-sedes-hasta-autos-por-su-lealtad-300101.html;
;https://www.paginasiete.bo/economia/2021/7/15/cooperativistas-anuncian-batalla-campal-para-ingresar-charopampa-301137.html;
;https://www.paginasiete.bo/sociedad/2021/8/27/auriferos-alzan-medidas-tras-acuerdo-con-mineria-306257.html;
;https://eldeber.com.bo/edicion-impresa/hay-12-testigos-contra-el-ministro-quelca-pero-el-mas-cierra-filas-y-busca-la-dimision-de-la-vicemin_240825;
;https://www.paginasiete.bo/seguridad/2021/7/27/denuncian-quelca-piden-el-secuestro-de-celulares-por-trafico-de-examenes-302193.html;
;	https://eldeber.com.bo/pais/marcha-indigena-de-tierras-bajas-pretende-llegar-a-la-capital- crucena-el-24-de-septiembre_244471;tieRRa y teRRitoRio 
;	https://www.paginasiete.bo/economia/2021/8/1/el-indigena-lino-pena-pierde-la-vida-tras- ataque-de-avasalladores-en-la-chiquitania-302711.html;
;	https://eldeber.com.bo/especiales/trafico-de-tierras-chiquitania-un-botin-politico-y- economico_224775;
;	https://ftierra.org/index.php?option=com_mtree&task=att_download&link_id=220&cf_ id=89 (resumen informe F. Tierra);
;	https://ftierra.org/index.php?option=com_mtree&task=att_download&link_id=220&cf_ id=52 Informe completo despojo de tierras F. Tierra;
;	https://eldeber.com.bo/santa-cruz/los-indigenas-chiquitanos-denuncian-un-plan-para- expulsarlos-de-sus-tierras_240436;
;	https://www.paginasiete.bo/gente/2021/6/22/en-bolivia-se-crearon-cinco-areas- protegidas-en-cinco-meses-298851.html;
;	https://eldeber.com.bo/santa-cruz/interculturales-se-declararon-en-emergencia-aseguran- que-pelearan-por-las-tierras_237603;
;	https://eldeber.com.bo/economia/inra-dice-que-en-gestion-de-anez-se-genero-norma- agraria-para-favorecer-a-un-grupo-privilegiado_239867;
;	https://eldeber.com.bo/santa-cruz/sectores-dicen-que-propuesta-de-ley-de-suelos-apunta- a-las-reversiones_230258;
;	https://eldeber.com.bo/economia/informe-tecnico-establece-que-reserva-de-bajo- paragua-es-tierra-fiscal-no-disponible_240547;
;	https://eldeber.com.bo/pais/evo-censura-el-congreso-por-la-tierra-y-dice-que-fue- organizado-por-logias 237634;
;	https://eldeber.com.bo/economia/alcalde-de-san-ignacio-refuerza-lucha-por-la-tierra- con-la-entrega-de-documentos-de-denuncias_237846;
;	https://www.paginasiete.bo/economia/2021/5/6/exigen-asumir-medidas-contra-trafico- de-tierras-294112.html;
;	https://eldeber.com.bo/edicion-impresa/surgen-nuevas-denuncias-de-comunidades- fantasma-y-desmontes-grandes-en-la-chiquitania_236939;
;	https://eldeber.com.bo/edicion-impresa/segun-evo-camacho-usa-la-tierra-para-impulsar- el-separatismo_239643;
;	https://eldeber.com.bo/santa-cruz/alcalde-de-san-ignacio-pide-a-la-abt-desalojar-a- personas-de-la-reserva-bajo-paragua_239164;
;https://eldeber.com.bo/economia/vicepresidente-cuestiona-que-las-tierras-sean-para- unos-cuantos-y-camacho-lo-acusa-de-crear-una-comi_236722 ;
;https://eldeber.com.bo/santa-cruz/en-robore-denuncian-que-colonos-tienen-resolucion- del-inra-desde-2017-y-recien-quieren-asentarse_233918;
;https://www.paginasiete.bo/gente/2021/7/20/narcotrafico-el-trafico-de-tierras-entran-con- la-deforestacion-zonas-indigenas-301465.html;
;https://www.paginasiete.bo/sociedad/2021/8/21/revolucion-agraria-para-salvar-la-madre- tierra-304643.html;
;https://www.paginasiete.bo/sociedad/2021/8/25/el-fuego-ya-devora-bosques-de-ocho-areas-naturales-306021.html;Incendios
;https://eldeber.com.bo/santa-cruz/incendios-forestales-en-caceres-brasil-arrasan-con-animales-en-estancias-ganaderas_244537;
;https://eldeber.com.bo/santa-cruz/el-dano-mayor-de-los-incendios-ha-sido-en-las-areas-protegidas_244355;
;https://www.paginasiete.bo/sociedad/2021/7/9/arden-4500-ha-en-san-matias-abt-revierte-ley-contra-ince;
;https://eldeber.com.bo/santa-cruz/los-incendios-ya-arrasaron-con-mas-de-150000-hectareas-en-santa-cruz-y-el-gobierno-minimiza-el-avanc_242389;
;https://eldeber.com.bo/edicion-impresa/en-medio-del-fuego-el-gobierno-y-la-gobernacion-no-terminan-de-coordinar_242535;
;https://eldeber.com.bo/santa-cruz/denuncian-que-mientras-los-bomberos-arriesgan-sus-vidas-los-colonos-chaquean-y-toman-posesion_244186;
;https://eldeber.com.bo/santa-cruz/la-superficie-quemada-se-cuadriplico-a-mas-de-400-mil-ha-a-pesar-de-la-prohibicion_244198;
;https://eldeber.com.bo/santa-cruz/chiquitanos-desalojaron-a-interculturales-que-chaqueaban-aseguran-que-se-alistaban-para-quemar_244093;
;https://eldeber.com.bo/pais/el-gobierno-erradico-800-hectareas-de-coca-en-lo-que-va-del-ano_231592;Coca, Cocaína
;https://eldeber.com.bo/pais/el-narcotrafico-penetra-ocho-areas-protegidas-con-megalabo-ratorios_232686;
;https://www.paginasiete.bo/seguridad/2021/6/28/bolivia-sube-produccion-potencial-de-cocaina-en-44-segun-informe-de-eeuu-299469.html;
;https://eldeber.com.bo/santa-cruz/la-erradicacion-de-coca-en-bolivia-llega-al-27-de-la-meta-de-2021_239631;
;https://www.paginasiete.bo/gente/2021/5/14/arboles-frutales-plagas-falta-de-agua-el-paso-del-cambio-climatico-por-el-ilimani-294953.html;cambio climático-medioambiente 
;https://www.paginasiete.bo/ideas/2021/5/30/mercurio-oro-destruccion-en-los-yungas-296555.html;
;https://eldeber.com.bo/te-puede-interesar/el-lento-envenenamiento-de-los-indigenas-lecos-por-mercurio_242343;
;https://www.paginasiete.bo/sociedad/2021/7/4/cementerio-de-abejas-punta-del-iceberg-del-impacto-agroquimico-300022.html;
;https://elpais.com/america/economia/termometro-social-de-america/2021-06-04/el-mercurio-dorado-que-amenaza-a-la-amazonia.html;
;https://eldeber.com.bo/santa-cruz/se-mueren-las-abejas-en-rio-grande-mas-de-300- colmenas-quedaron-en-nada-golpeando-la-economia-de-api_236162;
;https://www.paginasiete.bo/sociedad/2021/8/30/falta-de-agua-en-cochabamba-enfrenta- 20000-regantes-306519.html;
;https://www.paginasiete.bo/nacional/2021/5/1/los-ganaderos-acuden-evo-le-piden-que- interceda-ante-arce-para-exportar-carne-293653.html;
;https://www.paginasiete.bo/economia/2021/5/9/nueve-normas-vetan-transgenicos-seis- los-avalan-294429.html;
;https://www.paginasiete.bo/economia/2021/5/22/azucareros-plantean-aumentar-la- produccion-de-etanol-para-impulsar-la-economia-295882.html;
;https://eldeber.com.bo/economia/agro-ofrece-sumar-us-2000-millones-en-exportaciones- y-duplicar-los-empleos_232706;
;https://eldeber.com.bo/santa-cruz/los-medicos-estan-impagos-en-los-nueve-departamentos-del-pais_235118;Información sanitaria
;https://www.paginasiete.bo/sociedad/2021/6/18/mas-de-3000-medicos-salubristas-trabajan-sin-sueldo-desde-hace-meses-298563.html;
;https://www.paginasiete.bo/sociedad/2021/6/14/el-sus-no-logra-cubrir-todas-las-necesidades-de-los-casos-covid-298084.html;
;https://www.paginasiete.bo/gente/2021/6/28/alertan-que-hasta-92-mil-ninos-ninas-adolescentes-empezaran-trabajar-por-la-covid-299435.html;
;https://www.paginasiete.bo/sociedad/2021/9/3/la-tercera-ola-fue-la-mas-letal-en-el-pais-la-vacunacion-clave-en-la-cuarta-ola-306929.html;
;https://www.paginasiete.bo/sociedad/2021/8/30/castro-dice-que-autoridades-regionales- de-salud-seran-responsables-de-la-cuarta-ola-si-no-vacunan-306564.html;nuevaS autoRidadeS 
;https://eldeber.com.bo/pais/eva-copa-abraza-al-presidente-arce-hasta-las-lagrimas-y- promete-defensa-de-su-gobierno_243162;
;https://www.paginasiete.bo/seguridad/2021/5/29/queman-la-casa-de-damian-condori- gobernador-de-chuquisaca-296534.html;
;https://www.paginasiete.bo/nacional/2021/7/1/arias-camacho-montes-reyes-villa-en-la- mira-por-denuncias-299762.html;
;https://www.paginasiete.bo/nacional/2021/5/27/condori-tuvo-que-dejar-su-duelo-ante- intento-del-mas-de-ocupar-su-cargo-296385.html;
;https://www.paginasiete.bo/nacional/2021/6/20/dulon-desde-que-ganamos-la-alcaldia- hay-amedrentamiento-298740.html;
;https://eldeber.com.bo/santa-cruz/el-centralismo-le-debe-al-eje-principal-del-pais-miles- de-millones-de-bolivianos-que-se-notan-en-la-_234417;
;https://eldeber.com.bo/edicion-impresa/eva-copa-interpela-al-mas-y-proclama-el-inicio-de-un-proceso-de-renovacion_230573;
;https://www.lostiempos.com/actualidad/pais/20210504/copa-habla-contradicciones-proceso-cambio-senala-que-no-podia-ser-complice;
;https://eldeber.com.bo/politica/santa-cruz-y-el-alto-estrechan-lazos-a-traves-de-acuerdos-publico-privados_234970;
;https://www.paginasiete.bo/nacional/2021/7/27/el-quiebre-en-jallalla-se-profundiza-copa-afirma-que-no-forma-parte-de-ese-partido-302214.html;
;https://www.la-razon.com/nacional/2021/06/01/morales-murillo-retiro-dinero-de-sus-cuentas-en-las-narices-de-la-fiscalia-general-y-de-la-uif/;muRillo miami 
;https://www.la-razon.com/nacional/2021/05/27/tras-detencion-de-murillo-morales-dice-que-la-oposicion-se-quedo-sin-discurso/;
;https://eldeber.com.bo/edicion-impresa/denuncian-a-magistrados-del-tcp-de-cometer-delitos-iran-a-cortes-internacionales_232254;delitoS tcp 
;https://www.paginasiete.bo/nacional/2021/5/18/cuestionamientos-aumentan-el-tcp-insiste-en-negar-sentencia-295380.html;
;https://www.paginasiete.bo/nacional/2021/5/14/abogados-alertan-que-el-tcp-manipula-sus-propios-fallos-295002.html;
;https://www.paginasiete.bo/seguridad/2021/7/15/fiscalia-exime-de-culpa-los-principales-imputados-por-la-quema-de-pumakataris-301114.html;fiScalía 
;https://www.paginasiete.bo/seguridad/2021/7/16/mas-de-20-fallos-dejan-impunes-actos-de-vandalismo-del-mas-301204.html;
;https://www.paginasiete.bo/seguridad/2021/8/23/corrupcion-en-el-mas-sin-sentencias-con-plazos-vencidos-recursos-perdidos-305793.html;
;https://www.paginasiete.bo/seguridad/2021/8/30/cuestionan-comandante-de-las-ffaa-por- permitir-procesos-contra-militares-306499.html;ff. aa. 
;https://www.paginasiete.bo/nacional/2021/7/4/exjefes-militares-procesados-por-el- supuesto-golpe-son-enviados-la-carcel-300079.html;
;https://eldeber.com.bo/pais/garcia-linera-desmiente-declaraciones-del-general-terceros-y- reuniones-con-el-alto-mando_238112;
;https://www.paginasiete.bo/seguridad/2021/7/8/garcia-exministros-terceros-se-acusan-contradicen-en-12-acciones-de-las-ffaa-300426.html ;
;https://eldeber.com.bo/pais/11-datos-que-revelan-nuevos-detalles-de-las-ultimas-horas - de-evo-en-el-poder-segun-la-declaracion-de_237929;
;https://www.paginasiete.bo/nacional/2021/7/6/terceros-evo-siguio-ordenando-las-ffaa- hasta-30-horas-tras-su-renuncia-300227.html;
;https://www.paginasiete.bo/nacional/2021/7/6/ffaa-policia-la-defensoria-sugirieron-evo- dimitir-cuando-el-ya-lo-habia-decidido-300226.html;
;https://eldeber.com.bo/edicion-impresa/la-policia-inicia-proceso-para-contar-con-20- generales-y-en-las-ffaa-expresan-malestar_244200;
;https://eldeber.com.bo/pais/vaciar-el-bolsillo-de-los-ricos-y-entregar-a-los-pobres-el-llamado-de-quintana-a-los-militantes-del-_244887;dichoS del gabinete de campaña 
;https://www.paginasiete.bo/nacional/2021/6/24/quintana-ley-de-ascensos-triunfo-que-ni-la-dictadura-concedio-la-policia-299159.html;
;https://www.paginasiete.bo/nacional/2021/6/26/desde-2020-quintana-critico-en-ocasiones-al-gobierno-de-luis-arce-299317.html;
;https://www.paginasiete.bo/nacional/2021/7/14/garcia-plantea-nueva-oleada-de-nacionalizaciones-300979.html;
;https://www.paginasiete.bo/nacional/2021/8/27/quintana-busca-ampliar-base-del-mas-con-poblacion-lgtbi-vengan-los-vamos-mimar-306316.html;
2;https://www.paginasiete.bo/economia/2021/8/19/gremiales-rechazan-proyecto-de-ley-de-legitimacion-de-ganancias-ilicitas-anuncian-marchas-304451.html;maRchaS y contRamaRchaS 
;https://www.paginasiete.bo/economia/2021/9/9/proyectan-normar-estadisticas-advierten-limites-informacion-307619.html;
;https://www.paginasiete.bo/nacional/2021/9/17/oposicion-dice-que-ley-busca-anular-el-secreto-profesional-308444.html;
;https://www.paginasiete.bo/sociedad/2021/9/18/polemica-cnc-respalda-la-ley-contra-ganancias-iiicitas-oposicion-la-veta-308541.html;
;https://www.paginasiete.bo/seguridad/2021/9/27/gremiales-transportistas-otros-sectores-yunguenos-se-suman-movilizacion-cocalera-309412.html;
;https://eldeber.com.bo/edicion-impresa/diez-sectores-en-alerta-contra-ley-de-ganancias-ilicitas-y-anuncian-medidas_248996;
;https://www.paginasiete.bo/nacional/2021/10/7/gobierno-de-arce-decepciono-al-menos-cuatro-sectores-311387.html;
;https://www.paginasiete.bo/nacional/2021/10/7/hay-choferes-de-base-que-ya-no-se-sienten-representados-311388.html;
;https://eldeber.com.bo/edicion-impresa/el-gobierno-sale-a-aclarar-dudas-sobre-el-proyecto-de-ley-pero-crece-el-rechazo_250220;
;https://www.paginasiete.bo/nacional/2021/10/10/con-sancion-ley-obliga-publicos-privados-entregar-datos-al-ine-311668.html;
;https://www.paginasiete.bo/nacional/2021/10/11/arce-afronta-su-primer-paro-vuelve-la-tension-de-octubre-311774.html;
;https://eldeber.com.bo/pais/gobierno-propone-enviar-a-control-constitucional-el-proyecto-de-ley-de-legitimacion-de-ganancias-ili_250569;
;https://www.paginasiete.bo/nacional/2021/10/11/cooperativas-sobre-ley-antilegitimacion-presidente-reflexione-veremos-quien-gana-en-las-calles-311833.html;
;https://eldeber.com.bo/santa-cruz/santa-cruz-paro-gremiales-fueron-el-bastion-y-mineros-lanzan-advertencia_250701;
;https://eldeber.com.bo/economia/cuatro-sectores-apoyan-la-protesta-y-gobierno-estima-dano-en-us-112-millones_250700;
;https://eldeber.com.bo/economia/ministro-de-economia-ley-contra-la-legitimacion-de-ganancias-ilicitas-evitara-sanciones-internaciona_250635;
;https://eldeber.com.bo/pais/gobierno-retira-el-proyecto-de-ley-contra-la-legitimacion-de-ganancias-ilicitas-y-suspende-su-tratam_251100;
;https://eldeber.com.bo/pais/gobierno-adelanta-que-habra-consecuencias-al-incumplir-la- aprobacion-de-la-ley-contra-la-legitimacio ;
;https://www.lostiempos.com/actualidad/pais/20211018/ratifican-movilizaciones-ley-1386- gobierno-pide-dialogo ;
;https://www.paginasiete.bo/nacional/2021/10/18/pacto-de-unidad-reunido-con-arce- declara-emergencia-ante-cualquier-intento-de-desestabilizacion-312543.html ;
;https://eldeber.com.bo/edicion-impresa/gobierno-sale-a-explicar-la-ley-madre-pero- sectores-ratifican-marchas-y-paros_251735;
;https://eldeber.com.bo/edicion-impresa/llamado-al-dialogo-por-ley-madre-no-para- medidas-y-suman-sectores-en-apronte_252039;
;https://eldeber.com.bo/pais/manifestantes-rechazan-injerencia-politica-y-suman-adeptos- contra-la-ley-1386_251956;
;https://www.paginasiete.bo/nacional/2021/10/22/contraofensiva-del-mas-no-frena- protestas-en-regiones-312898.html;
;https://www.paginasiete.bo/economia/2021/7/30/ley-madre-que-dice-la-ley-1386-que- moviliza-gremiales-transportistas-magisterio-civicos-302492.html;
;https://www.paginasiete.bo/nacional/2021/10/29/10-sectores-iran-al-paro-indefinido- contra-la-ley-1386-desde-el-lunes-313629.html;
;https://eldeber.com.bo/edicion-impresa/en-un-ano-la-asamblea-aprobo-53-leyes-cada- norma-costo-a-los-bolivianos-bs-44-millones_253221;
;https://eldeber.com.bo/pais/senadores-aprueba-en-grande-un-proyecto-de-ley-que-segun- la-oposicion-pulverizara-la-autonomia_253336;
;https://eldeber.com.bo/edicion-impresa/seis-sectores-buscan-que-el-paro-sea-un-exito-y- civicos-evaluan-su-participacion_253359;
;https://eldeber.com.bo/edicion-impresa/choquehuanca-y-sectores-afines-al-mas-buscan- frenar-el-paro-y-lanzan-amenazas_253755;
;https://eldeber.com.bo/edicion-impresa/el-ejercito-envia-tanques-a-todo-el-pais-para- inedito-desfile-militar_253756;
;https://eldeber.com.bo/pais/arce-niega-que-exista-un-enemigo-interno-en-su-gobierno-y- destaca-movilizacion-de-tropas-para-celebr_253877;
;https://www.paginasiete.bo/nacional/2021/11/8/policia-toma-las-ciudades-para- desbloquear-evitar-concentraciones-314564.html;
;https://www.paginasiete.bo/nacional/2021/11/8/paro-civico-indefinido-nacional-inicia- segundo-ano-de-gestion-de-luis-arce-314544.html;
;https://eldeber.com.bo/santa-cruz/cod-marcha-con-encapuchados-armados-con-palos- nos-vemos-obligados-a-desbloquear_254061;
;https://www.paginasiete.bo/nacional/2021/11/12/se-abre-el-dialogo-en-potosi-el-gobierno-convoca-gremiales-314964.html;
;https://www.paginasiete.bo/nacional/2021/11/12/nueve-sectores-del-mas-estan-en-pie-de-lucha-evo-presenta-sus-soldados-arce-314967.html;
;https://eldeber.com.bo/edicion-impresa/hay-sectores-afines-al-mas-que-piden-abrogar-ley-1386-y-crece-la-protesta-en-el-pais_254660;
;https://eldeber.com.bo/edicion-impresa/seis-regiones-se-suman-a-la-protesta-contra-la-ley-1386-con-ruidosas-marchas_254662;
;https://eldeber.com.bo/santa-cruz/encapuchados-abandonaron-las-camionetas-usadas-contra-el-bloqueo_254678;
;https://eldeber.com.bo/pais/del-gobernador-de-la-paz-al-presidente-arce-es-facil-anule-esa-ley-y-todo-se-va-a-calmar_254779;
;https://eldeber.com.bo/santa-cruz/arce-anuncia-abrogacion-de-la-ley-1386-y-todavia-no-se-levanta-el-paro_254881;
;https://www.paginasiete.bo/nacional/2021/11/14/evo-hay-que-reconocer-que-nadie-conocia-anexos-de-la-ley-1386-afectaba-la-economia-informal-315170.html;
;https://eldeber.com.bo/santa-cruz/se-mantiene-el-paro-multisectorial-y-la-lucha-continua-hasta-que-se-agende-la-reposicion-de-los-23_254942;
;https://eldeber.com.bo/pais/choquehuanca-todo-tiene-su-limite-no-despierten-la-ira-del-inca_254908;
;https://eldeber.com.bo/santa-cruz/sectores-del-mas-reclaman-por-falta-de-coordinacion- e-imposicion-en-la-asamblea_254937;
;https://eldeber.com.bo/edicion-impresa/arce-endurece-su-discurso-y-el-paro-sigue-hasta- que-abroguen-la-ley-1386_254965;
;https://www.paginasiete.bo/nacional/2021/11/16/gremiales-transportistas-estan- dispuestos-levantar-el-paro-315300.html;
;https://eldeber.com.bo/edicion-impresa/choquehuanca-abroga-la-ley-1386-y-en-santa- cruz-se-levanta-el-paro_255309;
;https://eldeber.com.bo/edicion-impresa/agropecuarios-crucenos-exigen-imparcialidad-en-la-revision-de-titulos-de-tierras_241761;luchaS poR tieRRa y teRRitoRioS 
;https://eldeber.com.bo/especiales/trafico-de-tierras-chiquitania-un-botin-politico-y-economico_224775;
;https://eldeber.com.bo/santa-cruz/el-dano-mayor-de-los-incendios-ha-sido-en-las-areas-protegidas_244355;
;https://eldeber.com.bo/santa-cruz/civicos-advierten-que-la-politica-de-colonizacion-intensiva-permitira-el-desmonte-de-500000-hectarea_241483;
;https://eldeber.com.bo/santa-cruz/hacen-notariar-el-acta-que-firmaron-a-la-fuerza-las-victimas-del-secuestro-en-las-londras_255595;
;https://www.paginasiete.bo/seguridad/2021/11/6/director-del-inra-dice-que-por-orden-superior-fue-las-londras-314422.html;
;https://eldeber.com.bo/santa-cruz/el-director-del-inra-cae-en-contradicciones-ante-la-comision-de-fiscales-y-la-felcc_253757;
;https://eldeber.com.bo/economia/conferencia-de-prensa-del-director-del-inra-termina-en-bochorno-y-este-no-aclara-su-relacion-con-gru_253546;
;https://eldeber.com.bo/pais/interculturales-piden-al-ministro-de-gobierno-reflexionar-por-decir-que-el-grupo-que-secuestro-a-per_253293;
;https://www.paginasiete.bo/seguridad/2021/11/2/los-interculturales-niegan-un-vinculo-con-secuestradores-314016.html;
;https://eldeber.com.bo/santa-cruz/tras-asentamientos-en-las-londras-director-del-inra-admite-fuga-de-informacion-sobre-tierras-en-liti_253349;
;https://www.paginasiete.bo/seguridad/2021/11/2/en-una-semana-avasalladores-ejecutaron-tres-ataques-armados-en-las-londras-314014.html;
;https://eldeber.com.bo/santa-cruz/hay-41-tomas-ilegales-de-tierras-y-bloquean-para-exigir-titulacion-en-las-londras_253350;
;https://eldeber.com.bo/santa-cruz/se-vienen-capturas-por-caso-de-secuestro-y-torturas-hay-4-encapuchados-identificados_253356;
;https://eldeber.com.bo/santa-cruz/fiscalia-ordena-aprehension-de-tres-secuestradores-de-las-londras-y-cita-al-director-del-inra_253331;
;https://eldeber.com.bo/pais/el-inra-asegura-que-tierras-en-disputa-estan-en-un-area-forestal-y-que-ningun-sector-puede-asentarse_253178;
;https://www.paginasiete.bo/nacional/2021/11/1/el-mas-critica-la-policia-los-avasalladores-estan-impunes-313882.html;
;https://eldeber.com.bo/santa-cruz/destituyen-a-dos-fiscales-por-presion-de-grupos-armados-de-avasalladores_253177;
;https://eldeber.com.bo/economia/inra-informa-que-dos-personas-fueron-aprehendidas-por-denuncia-de-trafico-de-tierras_251298;
;https://eldeber.com.bo/santa-cruz/ganadero-hay-grupos-irregulares-que-buscan-el-derramamiento-de-sangre-en-san-jose_251269;
;https://eldeber.com.bo/edicion-impresa/los-interculturales-y-campesinos-tienen-mas-tierras-que-indigenas_250201;
;https://eldeber.com.bo/santa-cruz/balean-al-hijo-de-un-cacique-chiquitano-que-participa-de-la-marcha-por-la-tierra_250027;
;https://eldeber.com.bo/santa-cruz/diputados-proponen-comision-para-revisar-la-dotacion-de-tierras_248474;
;https://eldeber.com.bo/santa-cruz/senado-homenajea-a-percy-e-interculturales_248483;
;https://eldeber.com.bo/santa-cruz/hay-grandes-hornos-en-la-chiquitania-que-hacen-crecer-el-negocio-del-carbon_247869;
;https://eldeber.com.bo/santa-cruz/hay-dos-detenidos-por-avasallamientos-y-comunarios-apuntan-al-alcalde-de-el-puente-como-responsable-_247889;
;https://www.paginasiete.bo/seguridad/2021/9/20/defensoria-del-pueblo-condena-violencia-de-avasalladores-en-guarayos-308739.html;
;https://eldeber.com.bo/santa-cruz/avasalladores-hieren-a-balazos-a-un-productor-de-soya-esta-en-terapia-intensiva_247773;
;https://eldeber.com.bo/edicion-impresa/marcial-fabricano-el-mas-manipula-y-vive-de-la-division-de-los-indigenas_247742;
;https://eldeber.com.bo/santa-cruz/en-guarayos-amenazan-con-armas-por-tierras-los-indigenas-instalan-sesion_247508;
;https://eldeber.com.bo/santa-cruz/dos-policias-no-aparecen-y-abandonan-una-patrulla_256386;
;https://eldeber.com.bo/santa-cruz/cae-un-encapuchado-toman-de-rehen-a-un-coronel-y-disparan-a-fiscales-y-policias_256385;
;https://eldeber.com.bo/santa-cruz/el-director-del-inra-admite-y-se-lamenta-por-apoyar-a-sus-organizaciones-sociales_255453;
;https://eldeber.com.bo/santa-cruz/la-fiscalia-amplia-5-delitos-contra-los-encapuchados-armados-de-las-londras_255928;
;https://www.paginasiete.bo/nacional/2021/11/1/diputado-del-mas-dice-que-los-hermanos-de-guarayos-solo-tenian-una-escopeta-en-el-altercado-313938.html;
;https://eldeber.com.bo/santa-cruz/grupos-armados-retornan-a-las-londras-y-frenan-inspeccion-de-tecnicos-de-la-gobernacion_253654;
;https://eldeber.com.bo/santa-cruz/avasalladores-armados-retornan-a-la-zona-del-secuestro-de-17-personas_253744;
;https://www.paginasiete.bo/seguridad/2021/11/19/piden-investigar-nexo-de-director-del- inra-con-los-avasalladores-315650.html;
;https://eldeber.com.bo/santa-cruz/jefe-del-inra-confiesa-que-fue-a-las-londras-guiado- por-un-acusado-de-balear-a-policias_253935;
;https://eldeber.com.bo/santa-cruz/avasalladores-desalojados-por-vecinos-de-warnes- dejan-documentos-que-muestra-red-organizada-de-trafi_253438;
;https://eldeber.com.bo/pais/senadores-aprueba-en-grande-un-proyecto-de-ley-que-segun- la-oposicion-pulverizara-la-autonomia_253336;
;https://eldeber.com.bo/santa-cruz/surgen-sospechas-sobre-la-presencia-de-grupos- irregulares-en-san-julian_256382;
;https://eldeber.com.bo/santa-cruz/aprehendido-es-lider-de-un-grupo-afin-al- oficialismo_256381;
;https://www.paginasiete.bo/economia/2021/8/10/estatales-hay-que-cerrar-las-que-tienen- muerte-cerebral-303526.html;
;https://www.paginasiete.bo/economia/2021/8/19/aprueban-pge-reformulado-que-incluye- credito-de-bs-15000-mm-304404.html;economía, caída de ingReSoS fiScaleS y déficit de empReSaS eStataleS 
;https://www.paginasiete.bo/economia/2021/8/25/el-pais-recibe-del-fmi-us-3264-mm- monto-similar-al-que-devolvio-306054.html;
;https://eldeber.com.bo/economia/ingenio-estatal-san-buenaventura-apenas-cuenta-con- el-30-de-cana-para-operar-segun-estudio-del-cedla_245339;
;https://www.paginasiete.bo/economia/2021/8/30/san-buenaventura-se-provee-de-cana- de-beni-luego-de-fracasos-306543.html;
;https://www.paginasiete.bo/economia/2021/9/1/tras-caer—129-la-actividad-economica- crece-en-87-junio-306724.html;
;https://eldeber.com.bo/edicion-impresa/la-coca-esta-en-franca-expansion-y-el-25-por- encima-del-limite-legal_245446;
;https://www.paginasiete.bo/economia/2021/9/3/exportacion-minera-crece-117-activa- economia-segun-expertos-306966.html;
;https://eldeber.com.bo/economia/litio-sin-avance-pese-a-inversion-de-us-1000- millones_245934;
;https://eldeber.com.bo/santa-cruz/el-cambio-climatico-hace-estragos-en-bolivia-y-la- deforestacion-se-acelera_246037;
;https://www.paginasiete.bo/economia/2021/9/6/arce-reactiva-planta-de-urea-anuncia- estudios-para-instalar-otra-similar-307298.html;
;https://www.paginasiete.bo/economia/2021/9/12/mi-teleferico-tiene-perdidas-pero-los- usuarios-destacan-el-servicio-307899.html;
;https://eldeber.com.bo/opinion/alta-culinaria-estadistica-con-el-pib_247678;
;https://eldeber.com.bo/pais/no-hay-que-tenerle-miedo-a-que-se-acabe-el-gas-dice-luis- arce-en-warnes_247598;
;https://eldeber.com.bo/economia/produccion-de-gas-al-filo-piden-reducir-el-consumo- en-las-termoelectricas_245746;
;https://eldeber.com.bo/economia/ypfb-desplazo-a-bolivianos-de-la-planta-de-urea-y- duplico-contratacion-de-extranjeros_245009;
;https://www.paginasiete.bo/sociedad/2021/9/21/deficit-total-del-puma-es-bs-879- millones-alcaldia-ajustara-rutas-308800.html;
;https://eldeber.com.bo/economia/gobierno-fija-precio-de-la-tonelada-de-urea-boliviana-en-us-510-para-el-mercado-interno_248363;
;https://eldeber.com.bo/santa-cruz/los-incendios-ya-afectaron-mas-de-16-millones-de-hectareas-en-santa-cruz_248579;
;https://eldeber.com.bo/economia/urea-ypfb-admite-que-produccion-no-supera-el-75-por-baja-demanda_250176;
;https://eldeber.com.bo/economia/ypfb-tiene-paralizados-tres-de-seis-proyectos-exploratorios-para-2021_251745;
;https://eldeber.com.bo/economia/fitch-advierte-que-reservas-estan-en-riesgo-si-el-gobierno-no-baja-el-gasto_252042;
;https://www.paginasiete.bo/economia/2021/10/21/deuda-interna-crecio-en-2020-2021-mas-que-en-ultimo-decenio-312777.html;
;	https://www.paginasiete.bo/economia/2021/10/22/307-mil-cayeron-en-pobreza- moderada-extrema-en-2020-312893.html;
;	https://eldeber.com.bo/economia/para-operar-a-su-maxima-capacidad-las-plantas- construidas-por-ypfb-requieren-el-85-del-gas-natural_253421;
;	https://eldeber.com.bo/economia/cae-un-117-la-produccion-de-azucar-por-clima-e- incertidumbre_253431;
;	https://www.paginasiete.bo/economia/2021/11/1/ministerio-asegura-que-rin-superavit- corriente-crecimiento-mitigan-riesgos-de-la-economia-313962.html;
;	https://eldeber.com.bo/economia/economistas-ven-sesgo-en-las-cifras-de-luis-arce-y-le- piden-olvidarse-de-jeanine_254348;
;	https://www.paginasiete.bo/economia/2021/11/15/el-consumo-interno-de-gas-sube-pero- falta-produccion-315237.html;
;	https://eldeber.com.bo/economia/gobierno-confirma-que-no-se-pagara-el-segundo- aguinaldo_254452;
;	https://eldeber.com.bo/edicion-impresa/seis-de-cada-10-bolivianos-tienen-un-ingreso- menor-al-salario-minimo-nacional_255815;
;	https://www.paginasiete.bo/economia/2021/11/17/exportan-oro-por-us-1739-mm- tambien-sale-por-contrabando-315404.html;
;	https://www.paginasiete.bo/economia/2021/11/16/observan-falta-de-control-en-salida-de- oro-del-pais-315340.html;
;	https://eldeber.com.bo/economia/ypfb-firma-acuerdo-con-caneros-para-comprar-bs-768- millones-de-etanol-el-proximo-ano_256486;
;	https://www.la-razon.com/economia/2021/11/25/el-gobierno-proyecta-un-pib-de-51- para-2022-y-sube-en-25-la-inversion-publica/;
;	https://www.paginasiete.bo/nacional/2021/11/22/la-GESTION-DE-EVO-ADJUDICO-10- CONTRATOS-MILLONARIOS-SIN-RUPE-315903.html;
;	https://www.paginasiete.bo/economia/2021/11/30/gobierno-admite-declinacion-de- produccion-de-gas-hara-ajustes-316703.html;